,event,logger,level,timestamp,thread,pair,metadata_calculation_interval_in_seconds,metadata_update_interval_in_seconds,total_runtime_in_seconds
0,using 10 workers,compute_covidcast_meta,info,2022-01-01T04:00:18.082968Z,,,,,
1,starting thread,compute_covidcast_meta,info,2022-01-01T04:00:37.116891Z,MetacacheThread-0,,,,
2,starting thread,compute_covidcast_meta,info,2022-01-01T04:00:37.117762Z,MetacacheThread-4,,,,
3,starting thread,compute_covidcast_meta,info,2022-01-01T04:00:37.117448Z,MetacacheThread-2,,,,
4,starting thread,compute_covidcast_meta,info,2022-01-01T04:00:37.117606Z,MetacacheThread-3,,,,
5,starting thread,compute_covidcast_meta,info,2022-01-01T04:00:37.117236Z,MetacacheThread-1,,,,
6,starting thread,compute_covidcast_meta,info,2022-01-01T04:00:37.118985Z,MetacacheThread-5,,,,
7,starting thread,compute_covidcast_meta,info,2022-01-01T04:00:37.119574Z,MetacacheThread-6,,,,
8,starting pair,compute_covidcast_meta,info,2022-01-01T04:00:37.120352Z,MetacacheThread-4,"(chng, smoothed_adj_outpatient_cli)",,,
9,starting pair,compute_covidcast_meta,info,2022-01-01T04:00:37.121028Z,MetacacheThread-0,"(chng, smoothed_adj_outpatient_covid)",,,
10,starting thread,compute_covidcast_meta,info,2022-01-01T04:00:37.121334Z,MetacacheThread-7,,,,
11,starting pair,compute_covidcast_meta,info,2022-01-01T04:00:37.121687Z,MetacacheThread-2,"(chng, smoothed_adj_outpatient_flu)",,,
12,starting pair,compute_covidcast_meta,info,2022-01-01T04:00:37.121994Z,MetacacheThread-3,"(chng, smoothed_outpatient_cli)",,,
13,starting thread,compute_covidcast_meta,info,2022-01-01T04:00:37.122428Z,MetacacheThread-8,,,,
14,starting pair,compute_covidcast_meta,info,2022-01-01T04:00:37.122983Z,MetacacheThread-5,"(chng, smoothed_outpatient_covid)",,,
15,starting thread,compute_covidcast_meta,info,2022-01-01T04:00:37.123204Z,MetacacheThread-9,,,,
16,starting pair,compute_covidcast_meta,info,2022-01-01T04:00:37.124177Z,MetacacheThread-6,"(chng, smoothed_outpatient_flu)",,,
17,starting pair,compute_covidcast_meta,info,2022-01-01T04:00:37.124879Z,MetacacheThread-1,"(covid-act-now, pcr_specimen_positivity_rate)",,,
18,starting pair,compute_covidcast_meta,info,2022-01-01T04:00:37.125340Z,MetacacheThread-7,"(covid-act-now, pcr_specimen_total_tests)",,,
19,starting pair,compute_covidcast_meta,info,2022-01-01T04:00:37.126583Z,MetacacheThread-8,"(doctor-visits, smoothed_adj_cli)",,,
20,starting pair,compute_covidcast_meta,info,2022-01-01T04:00:37.127453Z,MetacacheThread-9,"(doctor-visits, smoothed_cli)",,,
21,starting pair,compute_covidcast_meta,info,2022-01-01T04:01:22.897201Z,MetacacheThread-6,"(fb-survey, raw_cli)",,,
22,starting pair,compute_covidcast_meta,info,2022-01-01T04:01:23.248633Z,MetacacheThread-2,"(fb-survey, raw_hh_cmnty_cli)",,,
23,starting pair,compute_covidcast_meta,info,2022-01-01T04:01:31.271133Z,MetacacheThread-6,"(fb-survey, raw_ili)",,,
24,starting pair,compute_covidcast_meta,info,2022-01-01T04:01:31.273004Z,MetacacheThread-2,"(fb-survey, raw_nohh_cmnty_cli)",,,
25,starting pair,compute_covidcast_meta,info,2022-01-01T04:01:37.835233Z,MetacacheThread-6,"(fb-survey, raw_wcli)",,,
26,starting pair,compute_covidcast_meta,info,2022-01-01T04:01:37.863922Z,MetacacheThread-2,"(fb-survey, raw_whh_cmnty_cli)",,,
27,starting pair,compute_covidcast_meta,info,2022-01-01T04:01:38.216634Z,MetacacheThread-7,"(fb-survey, raw_wili)",,,
28,starting pair,compute_covidcast_meta,info,2022-01-01T04:01:43.543982Z,MetacacheThread-2,"(fb-survey, raw_wnohh_cmnty_cli)",,,
29,starting pair,compute_covidcast_meta,info,2022-01-01T04:01:43.588307Z,MetacacheThread-6,"(fb-survey, smoothed_accept_covid_vaccine)",,,
30,starting pair,compute_covidcast_meta,info,2022-01-01T04:01:43.800120Z,MetacacheThread-7,"(fb-survey, smoothed_accept_covid_vaccine_no_appointment)",,,
31,starting pair,compute_covidcast_meta,info,2022-01-01T04:01:45.726626Z,MetacacheThread-7,"(fb-survey, smoothed_anxious_5d)",,,
32,starting pair,compute_covidcast_meta,info,2022-01-01T04:01:48.408029Z,MetacacheThread-2,"(fb-survey, smoothed_anxious_7d)",,,
33,starting pair,compute_covidcast_meta,info,2022-01-01T04:01:48.532681Z,MetacacheThread-6,"(fb-survey, smoothed_appointment_not_vaccinated)",,,
34,starting pair,compute_covidcast_meta,info,2022-01-01T04:01:48.595646Z,MetacacheThread-1,"(fb-survey, smoothed_appointment_or_accept_covid_vaccine)",,,
35,starting pair,compute_covidcast_meta,info,2022-01-01T04:01:50.158204Z,MetacacheThread-6,"(fb-survey, smoothed_belief_children_immune)",,,
36,starting pair,compute_covidcast_meta,info,2022-01-01T04:01:50.374450Z,MetacacheThread-1,"(fb-survey, smoothed_belief_created_small_group)",,,
37,starting pair,compute_covidcast_meta,info,2022-01-01T04:01:53.100439Z,MetacacheThread-7,"(fb-survey, smoothed_belief_distancing_effective)",,,
38,starting pair,compute_covidcast_meta,info,2022-01-01T04:01:53.263197Z,MetacacheThread-6,"(fb-survey, smoothed_belief_govt_exploitation)",,,
39,starting pair,compute_covidcast_meta,info,2022-01-01T04:01:53.443008Z,MetacacheThread-1,"(fb-survey, smoothed_belief_masking_effective)",,,
40,starting pair,compute_covidcast_meta,info,2022-01-01T04:01:53.692346Z,MetacacheThread-2,"(fb-survey, smoothed_belief_vaccinated_mask_unnecessary)",,,
41,starting pair,compute_covidcast_meta,info,2022-01-01T04:01:56.235104Z,MetacacheThread-6,"(fb-survey, smoothed_cli)",,,
42,starting pair,compute_covidcast_meta,info,2022-01-01T04:01:56.235601Z,MetacacheThread-7,"(fb-survey, smoothed_covid_vaccinated)",,,
43,starting pair,compute_covidcast_meta,info,2022-01-01T04:01:57.016904Z,MetacacheThread-2,"(fb-survey, smoothed_covid_vaccinated_appointment_or_accept)",,,
44,starting pair,compute_covidcast_meta,info,2022-01-01T04:01:57.038728Z,MetacacheThread-1,"(fb-survey, smoothed_covid_vaccinated_friends)",,,
45,starting pair,compute_covidcast_meta,info,2022-01-01T04:02:00.286823Z,MetacacheThread-1,"(fb-survey, smoothed_covid_vaccinated_or_accept)",,,
46,starting pair,compute_covidcast_meta,info,2022-01-01T04:02:04.203659Z,MetacacheThread-2,"(fb-survey, smoothed_delayed_care_cost)",,,
47,starting pair,compute_covidcast_meta,info,2022-01-01T04:02:06.983532Z,MetacacheThread-2,"(fb-survey, smoothed_depressed_5d)",,,
48,starting pair,compute_covidcast_meta,info,2022-01-01T04:02:07.123296Z,MetacacheThread-1,"(fb-survey, smoothed_depressed_7d)",,,
49,starting pair,compute_covidcast_meta,info,2022-01-01T04:02:07.491258Z,MetacacheThread-7,"(fb-survey, smoothed_dontneed_reason_dont_spend_time)",,,
50,starting pair,compute_covidcast_meta,info,2022-01-01T04:02:08.838574Z,MetacacheThread-7,"(fb-survey, smoothed_dontneed_reason_had_covid)",,,
51,starting pair,compute_covidcast_meta,info,2022-01-01T04:02:09.521849Z,MetacacheThread-7,"(fb-survey, smoothed_dontneed_reason_not_beneficial)",,,
52,starting pair,compute_covidcast_meta,info,2022-01-01T04:02:10.260309Z,MetacacheThread-7,"(fb-survey, smoothed_dontneed_reason_not_high_risk)",,,
53,starting pair,compute_covidcast_meta,info,2022-01-01T04:02:10.967054Z,MetacacheThread-7,"(fb-survey, smoothed_dontneed_reason_not_serious)",,,
54,starting pair,compute_covidcast_meta,info,2022-01-01T04:02:11.726710Z,MetacacheThread-7,"(fb-survey, smoothed_dontneed_reason_other)",,,
55,starting pair,compute_covidcast_meta,info,2022-01-01T04:02:12.354240Z,MetacacheThread-1,"(fb-survey, smoothed_dontneed_reason_precautions)",,,
56,starting pair,compute_covidcast_meta,info,2022-01-01T04:02:12.467537Z,MetacacheThread-7,"(fb-survey, smoothed_felt_isolated_5d)",,,
57,starting pair,compute_covidcast_meta,info,2022-01-01T04:02:13.078768Z,MetacacheThread-1,"(fb-survey, smoothed_felt_isolated_7d)",,,
58,starting pair,compute_covidcast_meta,info,2022-01-01T04:02:14.121187Z,MetacacheThread-2,"(fb-survey, smoothed_had_covid_ever)",,,
59,starting pair,compute_covidcast_meta,info,2022-01-01T04:02:15.842947Z,MetacacheThread-1,"(fb-survey, smoothed_hesitancy_reason_allergic)",,,
60,starting pair,compute_covidcast_meta,info,2022-01-01T04:02:16.444816Z,MetacacheThread-6,"(fb-survey, smoothed_hesitancy_reason_cost)",,,
61,starting pair,compute_covidcast_meta,info,2022-01-01T04:02:17.463549Z,MetacacheThread-1,"(fb-survey, smoothed_hesitancy_reason_dislike_vaccines)",,,
62,starting pair,compute_covidcast_meta,info,2022-01-01T04:02:18.425144Z,MetacacheThread-2,"(fb-survey, smoothed_hesitancy_reason_dislike_vaccines_generally)",,,
63,starting pair,compute_covidcast_meta,info,2022-01-01T04:02:18.469425Z,MetacacheThread-2,"(fb-survey, smoothed_hesitancy_reason_distrust_gov)",,,
64,starting pair,compute_covidcast_meta,info,2022-01-01T04:02:19.180222Z,MetacacheThread-6,"(fb-survey, smoothed_hesitancy_reason_distrust_vaccines)",,,
65,starting pair,compute_covidcast_meta,info,2022-01-01T04:02:19.633033Z,MetacacheThread-7,"(fb-survey, smoothed_hesitancy_reason_health_condition)",,,
66,starting pair,compute_covidcast_meta,info,2022-01-01T04:02:20.478616Z,MetacacheThread-1,"(fb-survey, smoothed_hesitancy_reason_ineffective)",,,
67,starting pair,compute_covidcast_meta,info,2022-01-01T04:02:20.797319Z,MetacacheThread-6,"(fb-survey, smoothed_hesitancy_reason_low_priority)",,,
68,starting pair,compute_covidcast_meta,info,2022-01-01T04:02:21.181640Z,MetacacheThread-7,"(fb-survey, smoothed_hesitancy_reason_not_recommended)",,,
69,starting pair,compute_covidcast_meta,info,2022-01-01T04:02:21.364517Z,MetacacheThread-2,"(fb-survey, smoothed_hesitancy_reason_other)",,,
70,starting pair,compute_covidcast_meta,info,2022-01-01T04:02:22.924433Z,MetacacheThread-7,"(fb-survey, smoothed_hesitancy_reason_pregnant)",,,
71,starting pair,compute_covidcast_meta,info,2022-01-01T04:02:23.350017Z,MetacacheThread-1,"(fb-survey, smoothed_hesitancy_reason_religious)",,,
72,starting pair,compute_covidcast_meta,info,2022-01-01T04:02:23.536234Z,MetacacheThread-6,"(fb-survey, smoothed_hesitancy_reason_sideeffects)",,,
73,starting pair,compute_covidcast_meta,info,2022-01-01T04:02:24.035614Z,MetacacheThread-2,"(fb-survey, smoothed_hesitancy_reason_unnecessary)",,,
74,starting pair,compute_covidcast_meta,info,2022-01-01T04:02:24.309404Z,MetacacheThread-7,"(fb-survey, smoothed_hesitancy_reason_wait_safety)",,,
75,starting pair,compute_covidcast_meta,info,2022-01-01T04:02:26.164988Z,MetacacheThread-1,"(fb-survey, smoothed_hh_cmnty_cli)",,,
76,starting pair,compute_covidcast_meta,info,2022-01-01T04:02:26.372803Z,MetacacheThread-6,"(fb-survey, smoothed_ili)",,,
77,starting pair,compute_covidcast_meta,info,2022-01-01T04:02:26.886580Z,MetacacheThread-2,"(fb-survey, smoothed_inperson_school_fulltime)",,,
78,starting pair,compute_covidcast_meta,info,2022-01-01T04:02:27.214317Z,MetacacheThread-7,"(fb-survey, smoothed_inperson_school_fulltime_oldest)",,,
79,starting pair,compute_covidcast_meta,info,2022-01-01T04:02:27.263558Z,MetacacheThread-7,"(fb-survey, smoothed_inperson_school_parttime)",,,
80,starting pair,compute_covidcast_meta,info,2022-01-01T04:02:30.002935Z,MetacacheThread-7,"(fb-survey, smoothed_inperson_school_parttime_oldest)",,,
81,starting pair,compute_covidcast_meta,info,2022-01-01T04:02:30.003577Z,MetacacheThread-2,"(fb-survey, smoothed_large_event_1d)",,,
82,starting pair,compute_covidcast_meta,info,2022-01-01T04:02:30.030356Z,MetacacheThread-7,"(fb-survey, smoothed_large_event_indoors_1d)",,,
83,starting pair,compute_covidcast_meta,info,2022-01-01T04:02:35.214065Z,MetacacheThread-2,"(fb-survey, smoothed_nohh_cmnty_cli)",,,
84,starting pair,compute_covidcast_meta,info,2022-01-01T04:02:38.511623Z,MetacacheThread-7,"(fb-survey, smoothed_others_distanced_public)",,,
85,starting pair,compute_covidcast_meta,info,2022-01-01T04:02:42.511316Z,MetacacheThread-7,"(fb-survey, smoothed_others_masked)",,,
86,starting pair,compute_covidcast_meta,info,2022-01-01T04:02:45.410300Z,MetacacheThread-1,"(fb-survey, smoothed_others_masked_public)",,,
87,starting pair,compute_covidcast_meta,info,2022-01-01T04:02:45.475177Z,MetacacheThread-6,"(fb-survey, smoothed_public_transit_1d)",,,
88,starting pair,compute_covidcast_meta,info,2022-01-01T04:02:48.929846Z,MetacacheThread-1,"(fb-survey, smoothed_race_treated_fairly_healthcare)",,,
89,starting pair,compute_covidcast_meta,info,2022-01-01T04:02:49.270746Z,MetacacheThread-7,"(fb-survey, smoothed_received_2_vaccine_doses)",,,
90,starting pair,compute_covidcast_meta,info,2022-01-01T04:02:52.194606Z,MetacacheThread-1,"(fb-survey, smoothed_received_news_cdc)",,,
91,starting pair,compute_covidcast_meta,info,2022-01-01T04:02:53.800605Z,MetacacheThread-2,"(fb-survey, smoothed_received_news_experts)",,,
92,starting pair,compute_covidcast_meta,info,2022-01-01T04:02:54.989457Z,MetacacheThread-1,"(fb-survey, smoothed_received_news_friends)",,,
93,starting pair,compute_covidcast_meta,info,2022-01-01T04:02:56.640251Z,MetacacheThread-2,"(fb-survey, smoothed_received_news_govt_health)",,,
94,starting pair,compute_covidcast_meta,info,2022-01-01T04:02:56.780396Z,MetacacheThread-7,"(fb-survey, smoothed_received_news_journalists)",,,
95,starting pair,compute_covidcast_meta,info,2022-01-01T04:02:57.525451Z,MetacacheThread-6,"(fb-survey, smoothed_received_news_local_health)",,,
96,starting pair,compute_covidcast_meta,info,2022-01-01T04:02:57.842279Z,MetacacheThread-1,"(fb-survey, smoothed_received_news_none)",,,
97,starting pair,compute_covidcast_meta,info,2022-01-01T04:02:59.582255Z,MetacacheThread-2,"(fb-survey, smoothed_received_news_politicians)",,,
98,starting pair,compute_covidcast_meta,info,2022-01-01T04:02:59.794617Z,MetacacheThread-7,"(fb-survey, smoothed_received_news_religious)",,,
99,starting pair,compute_covidcast_meta,info,2022-01-01T04:03:00.582395Z,MetacacheThread-6,"(fb-survey, smoothed_restaurant_1d)",,,
100,starting pair,compute_covidcast_meta,info,2022-01-01T04:03:00.614987Z,MetacacheThread-1,"(fb-survey, smoothed_restaurant_indoors_1d)",,,
101,starting pair,compute_covidcast_meta,info,2022-01-01T04:03:02.575221Z,MetacacheThread-2,"(fb-survey, smoothed_screening_tested_positive_14d)",,,
102,starting pair,compute_covidcast_meta,info,2022-01-01T04:03:02.690519Z,MetacacheThread-7,"(fb-survey, smoothed_shop_1d)",,,
103,starting pair,compute_covidcast_meta,info,2022-01-01T04:03:03.815035Z,MetacacheThread-2,"(fb-survey, smoothed_shop_indoors_1d)",,,
104,starting pair,compute_covidcast_meta,info,2022-01-01T04:03:05.203176Z,MetacacheThread-6,"(fb-survey, smoothed_spent_time_1d)",,,
105,starting pair,compute_covidcast_meta,info,2022-01-01T04:03:07.032477Z,MetacacheThread-7,"(fb-survey, smoothed_spent_time_indoors_1d)",,,
106,starting pair,compute_covidcast_meta,info,2022-01-01T04:03:08.553131Z,MetacacheThread-1,"(fb-survey, smoothed_tested_14d)",,,
107,starting pair,compute_covidcast_meta,info,2022-01-01T04:03:09.796800Z,MetacacheThread-6,"(fb-survey, smoothed_tested_positive_14d)",,,
108,starting pair,compute_covidcast_meta,info,2022-01-01T04:03:11.715486Z,MetacacheThread-2,"(fb-survey, smoothed_travel_outside_state_5d)",,,
109,starting pair,compute_covidcast_meta,info,2022-01-01T04:03:14.321901Z,MetacacheThread-6,"(fb-survey, smoothed_travel_outside_state_7d)",,,
110,starting pair,compute_covidcast_meta,info,2022-01-01T04:03:15.561430Z,MetacacheThread-7,"(fb-survey, smoothed_trust_covid_info_cdc)",,,
111,starting pair,compute_covidcast_meta,info,2022-01-01T04:03:19.514840Z,MetacacheThread-7,"(fb-survey, smoothed_trust_covid_info_doctors)",,,
112,starting pair,compute_covidcast_meta,info,2022-01-01T04:03:22.427688Z,MetacacheThread-6,"(fb-survey, smoothed_trust_covid_info_experts)",,,
113,starting pair,compute_covidcast_meta,info,2022-01-01T04:03:22.589965Z,MetacacheThread-1,"(fb-survey, smoothed_trust_covid_info_friends)",,,
114,starting pair,compute_covidcast_meta,info,2022-01-01T04:03:22.928084Z,MetacacheThread-2,"(fb-survey, smoothed_trust_covid_info_govt_health)",,,
115,starting pair,compute_covidcast_meta,info,2022-01-01T04:03:23.310595Z,MetacacheThread-7,"(fb-survey, smoothed_trust_covid_info_journalists)",,,
116,starting pair,compute_covidcast_meta,info,2022-01-01T04:03:26.131203Z,MetacacheThread-6,"(fb-survey, smoothed_trust_covid_info_politicians)",,,
117,starting pair,compute_covidcast_meta,info,2022-01-01T04:03:26.285032Z,MetacacheThread-1,"(fb-survey, smoothed_trust_covid_info_religious)",,,
118,starting pair,compute_covidcast_meta,info,2022-01-01T04:03:26.748109Z,MetacacheThread-2,"(fb-survey, smoothed_try_vaccinate_1m)",,,
119,starting pair,compute_covidcast_meta,info,2022-01-01T04:03:27.164431Z,MetacacheThread-7,"(fb-survey, smoothed_vaccinate_children)",,,
120,starting pair,compute_covidcast_meta,info,2022-01-01T04:03:27.608478Z,MetacacheThread-2,"(fb-survey, smoothed_vaccinate_child_oldest)",,,
121,starting pair,compute_covidcast_meta,info,2022-01-01T04:03:27.637772Z,MetacacheThread-2,"(fb-survey, smoothed_vaccine_barrier_appointment_location)",,,
122,starting pair,compute_covidcast_meta,info,2022-01-01T04:03:27.823981Z,MetacacheThread-2,"(fb-survey, smoothed_vaccine_barrier_appointment_location_has)",,,
123,starting pair,compute_covidcast_meta,info,2022-01-01T04:03:28.007438Z,MetacacheThread-2,"(fb-survey, smoothed_vaccine_barrier_appointment_location_tried)",,,
124,starting pair,compute_covidcast_meta,info,2022-01-01T04:03:28.009164Z,MetacacheThread-2,"(fb-survey, smoothed_vaccine_barrier_appointment_time)",,,
125,starting pair,compute_covidcast_meta,info,2022-01-01T04:03:28.890757Z,MetacacheThread-7,"(fb-survey, smoothed_vaccine_barrier_appointment_time_has)",,,
126,starting pair,compute_covidcast_meta,info,2022-01-01T04:03:29.740423Z,MetacacheThread-6,"(fb-survey, smoothed_vaccine_barrier_appointment_time_tried)",,,
127,starting pair,compute_covidcast_meta,info,2022-01-01T04:03:29.752709Z,MetacacheThread-1,"(fb-survey, smoothed_vaccine_barrier_childcare)",,,
128,starting pair,compute_covidcast_meta,info,2022-01-01T04:03:29.963390Z,MetacacheThread-6,"(fb-survey, smoothed_vaccine_barrier_childcare_has)",,,
129,starting pair,compute_covidcast_meta,info,2022-01-01T04:03:32.945245Z,MetacacheThread-7,"(fb-survey, smoothed_vaccine_barrier_childcare_tried)",,,
130,starting pair,compute_covidcast_meta,info,2022-01-01T04:03:32.987456Z,MetacacheThread-2,"(fb-survey, smoothed_vaccine_barrier_document)",,,
131,starting pair,compute_covidcast_meta,info,2022-01-01T04:03:33.115248Z,MetacacheThread-7,"(fb-survey, smoothed_vaccine_barrier_document_has)",,,
132,starting pair,compute_covidcast_meta,info,2022-01-01T04:03:34.140254Z,MetacacheThread-6,"(fb-survey, smoothed_vaccine_barrier_document_tried)",,,
133,starting pair,compute_covidcast_meta,info,2022-01-01T04:03:34.243030Z,MetacacheThread-1,"(fb-survey, smoothed_vaccine_barrier_eligible)",,,
134,starting pair,compute_covidcast_meta,info,2022-01-01T04:03:34.375619Z,MetacacheThread-6,"(fb-survey, smoothed_vaccine_barrier_eligible_has)",,,
135,starting pair,compute_covidcast_meta,info,2022-01-01T04:03:37.162793Z,MetacacheThread-7,"(fb-survey, smoothed_vaccine_barrier_eligible_tried)",,,
136,starting pair,compute_covidcast_meta,info,2022-01-01T04:03:37.297981Z,MetacacheThread-7,"(fb-survey, smoothed_vaccine_barrier_language)",,,
137,starting pair,compute_covidcast_meta,info,2022-01-01T04:03:37.476484Z,MetacacheThread-2,"(fb-survey, smoothed_vaccine_barrier_language_has)",,,
138,starting pair,compute_covidcast_meta,info,2022-01-01T04:03:38.300644Z,MetacacheThread-6,"(fb-survey, smoothed_vaccine_barrier_language_tried)",,,
139,starting pair,compute_covidcast_meta,info,2022-01-01T04:03:38.523419Z,MetacacheThread-6,"(fb-survey, smoothed_vaccine_barrier_none)",,,
140,starting pair,compute_covidcast_meta,info,2022-01-01T04:03:38.685789Z,MetacacheThread-1,"(fb-survey, smoothed_vaccine_barrier_none_has)",,,
141,starting pair,compute_covidcast_meta,info,2022-01-01T04:03:41.260328Z,MetacacheThread-2,"(fb-survey, smoothed_vaccine_barrier_none_tried)",,,
142,starting pair,compute_covidcast_meta,info,2022-01-01T04:03:41.400885Z,MetacacheThread-2,"(fb-survey, smoothed_vaccine_barrier_no_appointments)",,,
143,starting pair,compute_covidcast_meta,info,2022-01-01T04:03:41.751315Z,MetacacheThread-7,"(fb-survey, smoothed_vaccine_barrier_no_appointments_has)",,,
144,starting pair,compute_covidcast_meta,info,2022-01-01T04:03:42.550966Z,MetacacheThread-1,"(fb-survey, smoothed_vaccine_barrier_no_appointments_tried)",,,
145,starting pair,compute_covidcast_meta,info,2022-01-01T04:03:42.630086Z,MetacacheThread-1,"(fb-survey, smoothed_vaccine_barrier_other)",,,
146,starting pair,compute_covidcast_meta,info,2022-01-01T04:03:42.793185Z,MetacacheThread-1,"(fb-survey, smoothed_vaccine_barrier_other_has)",,,
147,starting pair,compute_covidcast_meta,info,2022-01-01T04:03:42.960203Z,MetacacheThread-1,"(fb-survey, smoothed_vaccine_barrier_other_tried)",,,
148,starting pair,compute_covidcast_meta,info,2022-01-01T04:03:42.961629Z,MetacacheThread-1,"(fb-survey, smoothed_vaccine_barrier_technical_difficulties)",,,
149,starting pair,compute_covidcast_meta,info,2022-01-01T04:03:43.174125Z,MetacacheThread-6,"(fb-survey, smoothed_vaccine_barrier_technical_difficulties_has)",,,
150,starting pair,compute_covidcast_meta,info,2022-01-01T04:03:45.730800Z,MetacacheThread-7,"(fb-survey, smoothed_vaccine_barrier_technical_difficulties_tried)",,,
151,starting pair,compute_covidcast_meta,info,2022-01-01T04:03:45.950613Z,MetacacheThread-7,"(fb-survey, smoothed_vaccine_barrier_technology_access)",,,
152,starting pair,compute_covidcast_meta,info,2022-01-01T04:03:46.217474Z,MetacacheThread-2,"(fb-survey, smoothed_vaccine_barrier_technology_access_has)",,,
153,starting pair,compute_covidcast_meta,info,2022-01-01T04:03:47.824984Z,MetacacheThread-6,"(fb-survey, smoothed_vaccine_barrier_technology_access_tried)",,,
154,starting pair,compute_covidcast_meta,info,2022-01-01T04:03:48.068027Z,MetacacheThread-6,"(fb-survey, smoothed_vaccine_barrier_time)",,,
155,starting pair,compute_covidcast_meta,info,2022-01-01T04:03:48.156910Z,MetacacheThread-1,"(fb-survey, smoothed_vaccine_barrier_time_has)",,,
156,starting pair,compute_covidcast_meta,info,2022-01-01T04:03:50.632278Z,MetacacheThread-2,"(fb-survey, smoothed_vaccine_barrier_time_tried)",,,
157,starting pair,compute_covidcast_meta,info,2022-01-01T04:03:50.777867Z,MetacacheThread-2,"(fb-survey, smoothed_vaccine_barrier_travel)",,,
158,starting pair,compute_covidcast_meta,info,2022-01-01T04:03:50.875161Z,MetacacheThread-7,"(fb-survey, smoothed_vaccine_barrier_travel_has)",,,
159,starting pair,compute_covidcast_meta,info,2022-01-01T04:03:51.930029Z,MetacacheThread-1,"(fb-survey, smoothed_vaccine_barrier_travel_tried)",,,
160,starting pair,compute_covidcast_meta,info,2022-01-01T04:03:52.184081Z,MetacacheThread-1,"(fb-survey, smoothed_vaccine_barrier_type)",,,
161,starting pair,compute_covidcast_meta,info,2022-01-01T04:03:52.316277Z,MetacacheThread-6,"(fb-survey, smoothed_vaccine_barrier_type_has)",,,
162,starting pair,compute_covidcast_meta,info,2022-01-01T04:03:54.894408Z,MetacacheThread-7,"(fb-survey, smoothed_vaccine_barrier_type_tried)",,,
163,starting pair,compute_covidcast_meta,info,2022-01-01T04:03:55.051696Z,MetacacheThread-7,"(fb-survey, smoothed_vaccine_likely_doctors)",,,
164,starting pair,compute_covidcast_meta,info,2022-01-01T04:03:55.067124Z,MetacacheThread-2,"(fb-survey, smoothed_vaccine_likely_friends)",,,
165,starting pair,compute_covidcast_meta,info,2022-01-01T04:03:56.158183Z,MetacacheThread-6,"(fb-survey, smoothed_vaccine_likely_govt_health)",,,
166,starting pair,compute_covidcast_meta,info,2022-01-01T04:03:56.524915Z,MetacacheThread-1,"(fb-survey, smoothed_vaccine_likely_local_health)",,,
167,starting pair,compute_covidcast_meta,info,2022-01-01T04:03:56.614026Z,MetacacheThread-7,"(fb-survey, smoothed_vaccine_likely_politicians)",,,
168,starting pair,compute_covidcast_meta,info,2022-01-01T04:03:59.262677Z,MetacacheThread-2,"(fb-survey, smoothed_vaccine_likely_who)",,,
169,starting pair,compute_covidcast_meta,info,2022-01-01T04:04:00.281675Z,MetacacheThread-6,"(fb-survey, smoothed_waccept_covid_vaccine)",,,
170,starting pair,compute_covidcast_meta,info,2022-01-01T04:04:00.367021Z,MetacacheThread-1,"(fb-survey, smoothed_waccept_covid_vaccine_no_appointment)",,,
171,starting pair,compute_covidcast_meta,info,2022-01-01T04:04:00.763503Z,MetacacheThread-7,"(fb-survey, smoothed_wanted_test_14d)",,,
172,starting pair,compute_covidcast_meta,info,2022-01-01T04:04:01.924019Z,MetacacheThread-1,"(fb-survey, smoothed_want_info_children_education)",,,
173,starting pair,compute_covidcast_meta,info,2022-01-01T04:04:03.100329Z,MetacacheThread-2,"(fb-survey, smoothed_want_info_covid_treatment)",,,
174,starting pair,compute_covidcast_meta,info,2022-01-01T04:04:04.750521Z,MetacacheThread-6,"(fb-survey, smoothed_want_info_covid_variants)",,,
175,starting pair,compute_covidcast_meta,info,2022-01-01T04:04:04.895410Z,MetacacheThread-1,"(fb-survey, smoothed_want_info_employment)",,,
176,starting pair,compute_covidcast_meta,info,2022-01-01T04:04:06.006067Z,MetacacheThread-2,"(fb-survey, smoothed_want_info_mental_health)",,,
177,starting pair,compute_covidcast_meta,info,2022-01-01T04:04:07.562314Z,MetacacheThread-6,"(fb-survey, smoothed_want_info_none)",,,
178,starting pair,compute_covidcast_meta,info,2022-01-01T04:04:07.632683Z,MetacacheThread-1,"(fb-survey, smoothed_want_info_relationships)",,,
179,starting pair,compute_covidcast_meta,info,2022-01-01T04:04:08.754762Z,MetacacheThread-2,"(fb-survey, smoothed_want_info_vaccine_access)",,,
180,starting pair,compute_covidcast_meta,info,2022-01-01T04:04:10.095527Z,MetacacheThread-7,"(fb-survey, smoothed_want_info_vaccine_types)",,,
181,starting pair,compute_covidcast_meta,info,2022-01-01T04:04:10.187268Z,MetacacheThread-6,"(fb-survey, smoothed_wanxious_5d)",,,
182,starting pair,compute_covidcast_meta,info,2022-01-01T04:04:10.513683Z,MetacacheThread-1,"(fb-survey, smoothed_wanxious_7d)",,,
183,starting pair,compute_covidcast_meta,info,2022-01-01T04:04:11.654831Z,MetacacheThread-2,"(fb-survey, smoothed_wappointment_not_vaccinated)",,,
184,starting pair,compute_covidcast_meta,info,2022-01-01T04:04:12.975340Z,MetacacheThread-7,"(fb-survey, smoothed_wappointment_or_accept_covid_vaccine)",,,
185,starting pair,compute_covidcast_meta,info,2022-01-01T04:04:13.333420Z,MetacacheThread-2,"(fb-survey, smoothed_wbelief_children_immune)",,,
186,starting pair,compute_covidcast_meta,info,2022-01-01T04:04:14.752610Z,MetacacheThread-7,"(fb-survey, smoothed_wbelief_created_small_group)",,,
187,starting pair,compute_covidcast_meta,info,2022-01-01T04:04:15.840252Z,MetacacheThread-1,"(fb-survey, smoothed_wbelief_distancing_effective)",,,
188,starting pair,compute_covidcast_meta,info,2022-01-01T04:04:16.056682Z,MetacacheThread-6,"(fb-survey, smoothed_wbelief_govt_exploitation)",,,
189,starting pair,compute_covidcast_meta,info,2022-01-01T04:04:16.237084Z,MetacacheThread-2,"(fb-survey, smoothed_wbelief_masking_effective)",,,
190,starting pair,compute_covidcast_meta,info,2022-01-01T04:04:17.748932Z,MetacacheThread-7,"(fb-survey, smoothed_wbelief_vaccinated_mask_unnecessary)",,,
191,starting pair,compute_covidcast_meta,info,2022-01-01T04:04:18.897089Z,MetacacheThread-6,"(fb-survey, smoothed_wcli)",,,
192,starting pair,compute_covidcast_meta,info,2022-01-01T04:04:18.911242Z,MetacacheThread-1,"(fb-survey, smoothed_wcovid_vaccinated)",,,
193,starting pair,compute_covidcast_meta,info,2022-01-01T04:04:19.841340Z,MetacacheThread-2,"(fb-survey, smoothed_wcovid_vaccinated_appointment_or_accept)",,,
194,starting pair,compute_covidcast_meta,info,2022-01-01T04:04:20.892606Z,MetacacheThread-7,"(fb-survey, smoothed_wcovid_vaccinated_friends)",,,
195,starting pair,compute_covidcast_meta,info,2022-01-01T04:04:24.029683Z,MetacacheThread-7,"(fb-survey, smoothed_wcovid_vaccinated_or_accept)",,,
196,starting pair,compute_covidcast_meta,info,2022-01-01T04:04:26.750240Z,MetacacheThread-2,"(fb-survey, smoothed_wdelayed_care_cost)",,,
197,starting pair,compute_covidcast_meta,info,2022-01-01T04:04:29.386249Z,MetacacheThread-2,"(fb-survey, smoothed_wdepressed_5d)",,,
198,starting pair,compute_covidcast_meta,info,2022-01-01T04:04:29.453681Z,MetacacheThread-1,"(fb-survey, smoothed_wdepressed_7d)",,,
199,starting pair,compute_covidcast_meta,info,2022-01-01T04:04:30.275761Z,MetacacheThread-7,"(fb-survey, smoothed_wdontneed_reason_dont_spend_time)",,,
200,starting pair,compute_covidcast_meta,info,2022-01-01T04:04:31.565204Z,MetacacheThread-7,"(fb-survey, smoothed_wdontneed_reason_had_covid)",,,
201,starting pair,compute_covidcast_meta,info,2022-01-01T04:04:32.216311Z,MetacacheThread-7,"(fb-survey, smoothed_wdontneed_reason_not_beneficial)",,,
202,starting pair,compute_covidcast_meta,info,2022-01-01T04:04:32.907898Z,MetacacheThread-7,"(fb-survey, smoothed_wdontneed_reason_not_high_risk)",,,
203,starting pair,compute_covidcast_meta,info,2022-01-01T04:04:33.602348Z,MetacacheThread-7,"(fb-survey, smoothed_wdontneed_reason_not_serious)",,,
204,starting pair,compute_covidcast_meta,info,2022-01-01T04:04:34.282212Z,MetacacheThread-7,"(fb-survey, smoothed_wdontneed_reason_other)",,,
205,starting pair,compute_covidcast_meta,info,2022-01-01T04:04:34.628622Z,MetacacheThread-1,"(fb-survey, smoothed_wdontneed_reason_precautions)",,,
206,starting pair,compute_covidcast_meta,info,2022-01-01T04:04:34.760099Z,MetacacheThread-2,"(fb-survey, smoothed_wearing_mask)",,,
207,starting pair,compute_covidcast_meta,info,2022-01-01T04:04:34.944752Z,MetacacheThread-7,"(fb-survey, smoothed_wearing_mask_7d)",,,
208,starting pair,compute_covidcast_meta,info,2022-01-01T04:04:35.303694Z,MetacacheThread-1,"(fb-survey, smoothed_wfelt_isolated_5d)",,,
209,starting pair,compute_covidcast_meta,info,2022-01-01T04:04:36.794374Z,MetacacheThread-6,"(fb-survey, smoothed_wfelt_isolated_7d)",,,
210,starting pair,compute_covidcast_meta,info,2022-01-01T04:04:39.852014Z,MetacacheThread-6,"(fb-survey, smoothed_whad_covid_ever)",,,
211,starting pair,compute_covidcast_meta,info,2022-01-01T04:04:40.499743Z,MetacacheThread-2,"(fb-survey, smoothed_whesitancy_reason_allergic)",,,
212,starting pair,compute_covidcast_meta,info,2022-01-01T04:04:40.896233Z,MetacacheThread-1,"(fb-survey, smoothed_whesitancy_reason_cost)",,,
213,starting pair,compute_covidcast_meta,info,2022-01-01T04:04:40.957743Z,MetacacheThread-9,"(fb-survey, smoothed_whesitancy_reason_dislike_vaccines)",,,
214,starting pair,compute_covidcast_meta,info,2022-01-01T04:04:41.828749Z,MetacacheThread-2,"(fb-survey, smoothed_whesitancy_reason_dislike_vaccines_generally)",,,
215,starting pair,compute_covidcast_meta,info,2022-01-01T04:04:41.870971Z,MetacacheThread-2,"(fb-survey, smoothed_whesitancy_reason_distrust_gov)",,,
216,starting pair,compute_covidcast_meta,info,2022-01-01T04:04:42.792467Z,MetacacheThread-7,"(fb-survey, smoothed_whesitancy_reason_distrust_vaccines)",,,
217,starting pair,compute_covidcast_meta,info,2022-01-01T04:04:43.648279Z,MetacacheThread-1,"(fb-survey, smoothed_whesitancy_reason_health_condition)",,,
218,starting pair,compute_covidcast_meta,info,2022-01-01T04:04:43.973742Z,MetacacheThread-9,"(fb-survey, smoothed_whesitancy_reason_ineffective)",,,
219,starting pair,compute_covidcast_meta,info,2022-01-01T04:04:44.009759Z,MetacacheThread-6,"(fb-survey, smoothed_whesitancy_reason_low_priority)",,,
220,starting pair,compute_covidcast_meta,info,2022-01-01T04:04:44.348117Z,MetacacheThread-7,"(fb-survey, smoothed_whesitancy_reason_not_recommended)",,,
221,starting pair,compute_covidcast_meta,info,2022-01-01T04:04:44.725462Z,MetacacheThread-2,"(fb-survey, smoothed_whesitancy_reason_other)",,,
222,starting pair,compute_covidcast_meta,info,2022-01-01T04:04:45.108307Z,MetacacheThread-1,"(fb-survey, smoothed_whesitancy_reason_pregnant)",,,
223,starting pair,compute_covidcast_meta,info,2022-01-01T04:04:46.020405Z,MetacacheThread-7,"(fb-survey, smoothed_whesitancy_reason_religious)",,,
224,starting pair,compute_covidcast_meta,info,2022-01-01T04:04:46.567082Z,MetacacheThread-1,"(fb-survey, smoothed_whesitancy_reason_sideeffects)",,,
225,starting pair,compute_covidcast_meta,info,2022-01-01T04:04:46.594217Z,MetacacheThread-9,"(fb-survey, smoothed_whesitancy_reason_unnecessary)",,,
226,starting pair,compute_covidcast_meta,info,2022-01-01T04:04:46.635201Z,MetacacheThread-6,"(fb-survey, smoothed_whesitancy_reason_wait_safety)",,,
227,starting pair,compute_covidcast_meta,info,2022-01-01T04:04:47.116546Z,MetacacheThread-2,"(fb-survey, smoothed_whh_cmnty_cli)",,,
228,starting pair,compute_covidcast_meta,info,2022-01-01T04:04:48.639849Z,MetacacheThread-7,"(fb-survey, smoothed_wili)",,,
229,starting pair,compute_covidcast_meta,info,2022-01-01T04:04:49.245179Z,MetacacheThread-1,"(fb-survey, smoothed_winperson_school_fulltime)",,,
230,starting pair,compute_covidcast_meta,info,2022-01-01T04:04:49.288694Z,MetacacheThread-9,"(fb-survey, smoothed_winperson_school_fulltime_oldest)",,,
231,starting pair,compute_covidcast_meta,info,2022-01-01T04:04:49.324998Z,MetacacheThread-9,"(fb-survey, smoothed_winperson_school_parttime)",,,
232,starting pair,compute_covidcast_meta,info,2022-01-01T04:04:49.355187Z,MetacacheThread-6,"(fb-survey, smoothed_winperson_school_parttime_oldest)",,,
233,starting pair,compute_covidcast_meta,info,2022-01-01T04:04:49.375892Z,MetacacheThread-6,"(fb-survey, smoothed_wlarge_event_1d)",,,
234,starting pair,compute_covidcast_meta,info,2022-01-01T04:04:52.188665Z,MetacacheThread-9,"(fb-survey, smoothed_wlarge_event_indoors_1d)",,,
235,starting pair,compute_covidcast_meta,info,2022-01-01T04:04:52.203922Z,MetacacheThread-1,"(fb-survey, smoothed_wnohh_cmnty_cli)",,,
236,starting pair,compute_covidcast_meta,info,2022-01-01T04:04:53.315973Z,MetacacheThread-8,"(fb-survey, smoothed_work_outside_home_1d)",,,
237,starting pair,compute_covidcast_meta,info,2022-01-01T04:04:54.129723Z,MetacacheThread-6,"(fb-survey, smoothed_work_outside_home_indoors_1d)",,,
238,starting pair,compute_covidcast_meta,info,2022-01-01T04:04:58.142756Z,MetacacheThread-8,"(fb-survey, smoothed_worried_become_ill)",,,
239,starting pair,compute_covidcast_meta,info,2022-01-01T04:05:00.793878Z,MetacacheThread-9,"(fb-survey, smoothed_worried_catch_covid)",,,
240,starting pair,compute_covidcast_meta,info,2022-01-01T04:05:03.669736Z,MetacacheThread-6,"(fb-survey, smoothed_worried_finances)",,,
241,starting pair,compute_covidcast_meta,info,2022-01-01T04:05:03.855686Z,MetacacheThread-9,"(fb-survey, smoothed_worried_vaccine_side_effects)",,,
242,starting pair,compute_covidcast_meta,info,2022-01-01T04:05:05.535944Z,MetacacheThread-2,"(fb-survey, smoothed_wothers_distanced_public)",,,
243,starting pair,compute_covidcast_meta,info,2022-01-01T04:05:05.586371Z,MetacacheThread-7,"(fb-survey, smoothed_wothers_masked)",,,
244,starting pair,compute_covidcast_meta,info,2022-01-01T04:05:06.606105Z,MetacacheThread-8,"(fb-survey, smoothed_wothers_masked_public)",,,
245,starting pair,compute_covidcast_meta,info,2022-01-01T04:05:09.065087Z,MetacacheThread-9,"(fb-survey, smoothed_wpublic_transit_1d)",,,
246,starting pair,compute_covidcast_meta,info,2022-01-01T04:05:09.342846Z,MetacacheThread-2,"(fb-survey, smoothed_wrace_treated_fairly_healthcare)",,,
247,starting pair,compute_covidcast_meta,info,2022-01-01T04:05:09.366275Z,MetacacheThread-1,"(fb-survey, smoothed_wreceived_2_vaccine_doses)",,,
248,starting pair,compute_covidcast_meta,info,2022-01-01T04:05:10.225959Z,MetacacheThread-8,"(fb-survey, smoothed_wreceived_news_cdc)",,,
249,starting pair,compute_covidcast_meta,info,2022-01-01T04:05:11.819192Z,MetacacheThread-7,"(fb-survey, smoothed_wreceived_news_experts)",,,
250,starting pair,compute_covidcast_meta,info,2022-01-01T04:05:12.677614Z,MetacacheThread-2,"(fb-survey, smoothed_wreceived_news_friends)",,,
251,starting pair,compute_covidcast_meta,info,2022-01-01T04:05:13.098713Z,MetacacheThread-8,"(fb-survey, smoothed_wreceived_news_govt_health)",,,
252,starting pair,compute_covidcast_meta,info,2022-01-01T04:05:14.370281Z,MetacacheThread-6,"(fb-survey, smoothed_wreceived_news_journalists)",,,
253,starting pair,compute_covidcast_meta,info,2022-01-01T04:05:14.652072Z,MetacacheThread-7,"(fb-survey, smoothed_wreceived_news_local_health)",,,
254,starting pair,compute_covidcast_meta,info,2022-01-01T04:05:15.484015Z,MetacacheThread-2,"(fb-survey, smoothed_wreceived_news_none)",,,
255,starting pair,compute_covidcast_meta,info,2022-01-01T04:05:16.001260Z,MetacacheThread-8,"(fb-survey, smoothed_wreceived_news_politicians)",,,
256,starting pair,compute_covidcast_meta,info,2022-01-01T04:05:17.309532Z,MetacacheThread-6,"(fb-survey, smoothed_wreceived_news_religious)",,,
257,starting pair,compute_covidcast_meta,info,2022-01-01T04:05:17.460644Z,MetacacheThread-1,"(fb-survey, smoothed_wrestaurant_1d)",,,
258,starting pair,compute_covidcast_meta,info,2022-01-01T04:05:17.633104Z,MetacacheThread-7,"(fb-survey, smoothed_wrestaurant_indoors_1d)",,,
259,starting pair,compute_covidcast_meta,info,2022-01-01T04:05:18.219146Z,MetacacheThread-2,"(fb-survey, smoothed_wscreening_tested_positive_14d)",,,
260,starting pair,compute_covidcast_meta,info,2022-01-01T04:05:18.888043Z,MetacacheThread-8,"(fb-survey, smoothed_wshop_1d)",,,
261,starting pair,compute_covidcast_meta,info,2022-01-01T04:05:19.497049Z,MetacacheThread-2,"(fb-survey, smoothed_wshop_indoors_1d)",,,
262,starting pair,compute_covidcast_meta,info,2022-01-01T04:05:20.160586Z,MetacacheThread-6,"(fb-survey, smoothed_wspent_time_1d)",,,
263,starting pair,compute_covidcast_meta,info,2022-01-01T04:05:21.008334Z,MetacacheThread-9,"(fb-survey, smoothed_wspent_time_indoors_1d)",,,
264,starting pair,compute_covidcast_meta,info,2022-01-01T04:05:21.830676Z,MetacacheThread-1,"(fb-survey, smoothed_wtested_14d)",,,
265,starting pair,compute_covidcast_meta,info,2022-01-01T04:05:22.884084Z,MetacacheThread-8,"(fb-survey, smoothed_wtested_positive_14d)",,,
266,starting pair,compute_covidcast_meta,info,2022-01-01T04:05:24.414486Z,MetacacheThread-6,"(fb-survey, smoothed_wtravel_outside_state_5d)",,,
267,starting pair,compute_covidcast_meta,info,2022-01-01T04:05:25.498470Z,MetacacheThread-7,"(fb-survey, smoothed_wtravel_outside_state_7d)",,,
268,starting pair,compute_covidcast_meta,info,2022-01-01T04:05:26.875152Z,MetacacheThread-8,"(fb-survey, smoothed_wtrust_covid_info_cdc)",,,
269,starting pair,compute_covidcast_meta,info,2022-01-01T04:05:27.373877Z,MetacacheThread-2,"(fb-survey, smoothed_wtrust_covid_info_doctors)",,,
270,starting pair,compute_covidcast_meta,info,2022-01-01T04:05:29.299323Z,MetacacheThread-9,"(fb-survey, smoothed_wtrust_covid_info_experts)",,,
271,starting pair,compute_covidcast_meta,info,2022-01-01T04:05:30.801523Z,MetacacheThread-8,"(fb-survey, smoothed_wtrust_covid_info_friends)",,,
272,starting pair,compute_covidcast_meta,info,2022-01-01T04:05:30.982513Z,MetacacheThread-2,"(fb-survey, smoothed_wtrust_covid_info_govt_health)",,,
273,starting pair,compute_covidcast_meta,info,2022-01-01T04:05:32.466545Z,MetacacheThread-6,"(fb-survey, smoothed_wtrust_covid_info_journalists)",,,
274,starting pair,compute_covidcast_meta,info,2022-01-01T04:05:32.901801Z,MetacacheThread-9,"(fb-survey, smoothed_wtrust_covid_info_politicians)",,,
275,starting pair,compute_covidcast_meta,info,2022-01-01T04:05:33.456269Z,MetacacheThread-7,"(fb-survey, smoothed_wtrust_covid_info_religious)",,,
276,starting pair,compute_covidcast_meta,info,2022-01-01T04:05:34.287129Z,MetacacheThread-1,"(fb-survey, smoothed_wtry_vaccinate_1m)",,,
277,starting pair,compute_covidcast_meta,info,2022-01-01T04:05:34.387646Z,MetacacheThread-8,"(fb-survey, smoothed_wvaccinate_children)",,,
278,starting pair,compute_covidcast_meta,info,2022-01-01T04:05:34.726483Z,MetacacheThread-2,"(fb-survey, smoothed_wvaccinate_child_oldest)",,,
279,starting pair,compute_covidcast_meta,info,2022-01-01T04:05:34.765651Z,MetacacheThread-2,"(fb-survey, smoothed_wvaccine_barrier_appointment_location)",,,
280,starting pair,compute_covidcast_meta,info,2022-01-01T04:05:34.921101Z,MetacacheThread-2,"(fb-survey, smoothed_wvaccine_barrier_appointment_location_has)",,,
281,starting pair,compute_covidcast_meta,info,2022-01-01T04:05:35.082126Z,MetacacheThread-2,"(fb-survey, smoothed_wvaccine_barrier_appointment_location_tried)",,,
282,starting pair,compute_covidcast_meta,info,2022-01-01T04:05:35.083461Z,MetacacheThread-2,"(fb-survey, smoothed_wvaccine_barrier_appointment_time)",,,
283,starting pair,compute_covidcast_meta,info,2022-01-01T04:05:35.175281Z,MetacacheThread-1,"(fb-survey, smoothed_wvaccine_barrier_appointment_time_has)",,,
284,starting pair,compute_covidcast_meta,info,2022-01-01T04:05:36.110852Z,MetacacheThread-8,"(fb-survey, smoothed_wvaccine_barrier_appointment_time_tried)",,,
285,starting pair,compute_covidcast_meta,info,2022-01-01T04:05:36.304848Z,MetacacheThread-6,"(fb-survey, smoothed_wvaccine_barrier_childcare)",,,
286,starting pair,compute_covidcast_meta,info,2022-01-01T04:05:36.361829Z,MetacacheThread-8,"(fb-survey, smoothed_wvaccine_barrier_childcare_has)",,,
287,starting pair,compute_covidcast_meta,info,2022-01-01T04:05:36.650345Z,MetacacheThread-9,"(fb-survey, smoothed_wvaccine_barrier_childcare_tried)",,,
288,starting pair,compute_covidcast_meta,info,2022-01-01T04:05:36.705970Z,MetacacheThread-7,"(fb-survey, smoothed_wvaccine_barrier_document)",,,
289,starting pair,compute_covidcast_meta,info,2022-01-01T04:05:36.863631Z,MetacacheThread-9,"(fb-survey, smoothed_wvaccine_barrier_document_has)",,,
290,starting pair,compute_covidcast_meta,info,2022-01-01T04:05:39.504392Z,MetacacheThread-1,"(fb-survey, smoothed_wvaccine_barrier_document_tried)",,,
291,starting pair,compute_covidcast_meta,info,2022-01-01T04:05:39.702940Z,MetacacheThread-1,"(fb-survey, smoothed_wvaccine_barrier_eligible)",,,
292,starting pair,compute_covidcast_meta,info,2022-01-01T04:05:39.805643Z,MetacacheThread-2,"(fb-survey, smoothed_wvaccine_barrier_eligible_has)",,,
293,starting pair,compute_covidcast_meta,info,2022-01-01T04:05:40.489043Z,MetacacheThread-8,"(fb-survey, smoothed_wvaccine_barrier_eligible_tried)",,,
294,starting pair,compute_covidcast_meta,info,2022-01-01T04:05:40.714707Z,MetacacheThread-6,"(fb-survey, smoothed_wvaccine_barrier_language)",,,
295,starting pair,compute_covidcast_meta,info,2022-01-01T04:05:40.738194Z,MetacacheThread-8,"(fb-survey, smoothed_wvaccine_barrier_language_has)",,,
296,starting pair,compute_covidcast_meta,info,2022-01-01T04:05:41.033061Z,MetacacheThread-9,"(fb-survey, smoothed_wvaccine_barrier_language_tried)",,,
297,starting pair,compute_covidcast_meta,info,2022-01-01T04:05:41.182975Z,MetacacheThread-7,"(fb-survey, smoothed_wvaccine_barrier_none)",,,
298,starting pair,compute_covidcast_meta,info,2022-01-01T04:05:41.281744Z,MetacacheThread-9,"(fb-survey, smoothed_wvaccine_barrier_none_has)",,,
299,starting pair,compute_covidcast_meta,info,2022-01-01T04:05:44.148029Z,MetacacheThread-2,"(fb-survey, smoothed_wvaccine_barrier_none_tried)",,,
300,starting pair,compute_covidcast_meta,info,2022-01-01T04:05:44.296084Z,MetacacheThread-2,"(fb-survey, smoothed_wvaccine_barrier_no_appointments)",,,
301,starting pair,compute_covidcast_meta,info,2022-01-01T04:05:44.435585Z,MetacacheThread-1,"(fb-survey, smoothed_wvaccine_barrier_no_appointments_has)",,,
302,starting pair,compute_covidcast_meta,info,2022-01-01T04:05:44.842031Z,MetacacheThread-8,"(fb-survey, smoothed_wvaccine_barrier_no_appointments_tried)",,,
303,starting pair,compute_covidcast_meta,info,2022-01-01T04:05:44.973520Z,MetacacheThread-8,"(fb-survey, smoothed_wvaccine_barrier_other)",,,
304,starting pair,compute_covidcast_meta,info,2022-01-01T04:05:45.129435Z,MetacacheThread-8,"(fb-survey, smoothed_wvaccine_barrier_other_has)",,,
305,starting pair,compute_covidcast_meta,info,2022-01-01T04:05:45.271782Z,MetacacheThread-8,"(fb-survey, smoothed_wvaccine_barrier_other_tried)",,,
306,starting pair,compute_covidcast_meta,info,2022-01-01T04:05:45.273413Z,MetacacheThread-8,"(fb-survey, smoothed_wvaccine_barrier_technical_difficulties)",,,
307,starting pair,compute_covidcast_meta,info,2022-01-01T04:05:45.442134Z,MetacacheThread-9,"(fb-survey, smoothed_wvaccine_barrier_technical_difficulties_has)",,,
308,starting pair,compute_covidcast_meta,info,2022-01-01T04:05:45.450848Z,MetacacheThread-6,"(fb-survey, smoothed_wvaccine_barrier_technical_difficulties_tried)",,,
309,starting pair,compute_covidcast_meta,info,2022-01-01T04:05:45.676540Z,MetacacheThread-6,"(fb-survey, smoothed_wvaccine_barrier_technology_access)",,,
310,starting pair,compute_covidcast_meta,info,2022-01-01T04:05:45.986230Z,MetacacheThread-7,"(fb-survey, smoothed_wvaccine_barrier_technology_access_has)",,,
311,starting pair,compute_covidcast_meta,info,2022-01-01T04:05:48.317427Z,MetacacheThread-1,"(fb-survey, smoothed_wvaccine_barrier_technology_access_tried)",,,
312,starting pair,compute_covidcast_meta,info,2022-01-01T04:05:48.509599Z,MetacacheThread-1,"(fb-survey, smoothed_wvaccine_barrier_time)",,,
313,starting pair,compute_covidcast_meta,info,2022-01-01T04:05:48.933885Z,MetacacheThread-2,"(fb-survey, smoothed_wvaccine_barrier_time_has)",,,
314,starting pair,compute_covidcast_meta,info,2022-01-01T04:05:50.001891Z,MetacacheThread-9,"(fb-survey, smoothed_wvaccine_barrier_time_tried)",,,
315,starting pair,compute_covidcast_meta,info,2022-01-01T04:05:50.152144Z,MetacacheThread-7,"(fb-survey, smoothed_wvaccine_barrier_travel)",,,
316,starting pair,compute_covidcast_meta,info,2022-01-01T04:05:50.230143Z,MetacacheThread-9,"(fb-survey, smoothed_wvaccine_barrier_travel_has)",,,
317,starting pair,compute_covidcast_meta,info,2022-01-01T04:05:50.355370Z,MetacacheThread-8,"(fb-survey, smoothed_wvaccine_barrier_travel_tried)",,,
318,starting pair,compute_covidcast_meta,info,2022-01-01T04:05:50.549845Z,MetacacheThread-6,"(fb-survey, smoothed_wvaccine_barrier_type)",,,
319,starting pair,compute_covidcast_meta,info,2022-01-01T04:05:50.577195Z,MetacacheThread-8,"(fb-survey, smoothed_wvaccine_barrier_type_has)",,,
320,starting pair,compute_covidcast_meta,info,2022-01-01T04:05:52.781718Z,MetacacheThread-2,"(fb-survey, smoothed_wvaccine_barrier_type_tried)",,,
321,starting pair,compute_covidcast_meta,info,2022-01-01T04:05:52.806808Z,MetacacheThread-1,"(fb-survey, smoothed_wvaccine_likely_doctors)",,,
322,starting pair,compute_covidcast_meta,info,2022-01-01T04:05:52.959794Z,MetacacheThread-2,"(fb-survey, smoothed_wvaccine_likely_friends)",,,
323,starting pair,compute_covidcast_meta,info,2022-01-01T04:05:54.146962Z,MetacacheThread-9,"(fb-survey, smoothed_wvaccine_likely_govt_health)",,,
324,starting pair,compute_covidcast_meta,info,2022-01-01T04:05:54.186863Z,MetacacheThread-1,"(fb-survey, smoothed_wvaccine_likely_local_health)",,,
325,starting pair,compute_covidcast_meta,info,2022-01-01T04:05:54.550008Z,MetacacheThread-8,"(fb-survey, smoothed_wvaccine_likely_politicians)",,,
326,starting pair,compute_covidcast_meta,info,2022-01-01T04:05:54.579700Z,MetacacheThread-7,"(fb-survey, smoothed_wvaccine_likely_who)",,,
327,starting pair,compute_covidcast_meta,info,2022-01-01T04:05:54.887880Z,MetacacheThread-6,"(fb-survey, smoothed_wwanted_test_14d)",,,
328,starting pair,compute_covidcast_meta,info,2022-01-01T04:05:56.731014Z,MetacacheThread-2,"(fb-survey, smoothed_wwant_info_children_education)",,,
329,starting pair,compute_covidcast_meta,info,2022-01-01T04:05:57.779046Z,MetacacheThread-1,"(fb-survey, smoothed_wwant_info_covid_treatment)",,,
330,starting pair,compute_covidcast_meta,info,2022-01-01T04:05:57.869376Z,MetacacheThread-9,"(fb-survey, smoothed_wwant_info_covid_variants)",,,
331,starting pair,compute_covidcast_meta,info,2022-01-01T04:05:58.265164Z,MetacacheThread-8,"(fb-survey, smoothed_wwant_info_employment)",,,
332,starting pair,compute_covidcast_meta,info,2022-01-01T04:05:58.275450Z,MetacacheThread-7,"(fb-survey, smoothed_wwant_info_mental_health)",,,
333,starting pair,compute_covidcast_meta,info,2022-01-01T04:05:59.661536Z,MetacacheThread-2,"(fb-survey, smoothed_wwant_info_none)",,,
334,starting pair,compute_covidcast_meta,info,2022-01-01T04:06:00.662123Z,MetacacheThread-1,"(fb-survey, smoothed_wwant_info_relationships)",,,
335,starting pair,compute_covidcast_meta,info,2022-01-01T04:06:00.725761Z,MetacacheThread-9,"(fb-survey, smoothed_wwant_info_vaccine_access)",,,
336,starting pair,compute_covidcast_meta,info,2022-01-01T04:06:01.002249Z,MetacacheThread-7,"(fb-survey, smoothed_wwant_info_vaccine_types)",,,
337,starting pair,compute_covidcast_meta,info,2022-01-01T04:06:01.004487Z,MetacacheThread-8,"(fb-survey, smoothed_wwearing_mask)",,,
338,starting pair,compute_covidcast_meta,info,2022-01-01T04:06:02.188051Z,MetacacheThread-2,"(fb-survey, smoothed_wwearing_mask_7d)",,,
339,starting pair,compute_covidcast_meta,info,2022-01-01T04:06:03.230573Z,MetacacheThread-6,"(fb-survey, smoothed_wwork_outside_home_1d)",,,
340,starting pair,compute_covidcast_meta,info,2022-01-01T04:06:03.575497Z,MetacacheThread-1,"(fb-survey, smoothed_wwork_outside_home_indoors_1d)",,,
341,starting pair,compute_covidcast_meta,info,2022-01-01T04:06:03.658820Z,MetacacheThread-9,"(fb-survey, smoothed_wworried_become_ill)",,,
342,starting pair,compute_covidcast_meta,info,2022-01-01T04:06:03.862972Z,MetacacheThread-7,"(fb-survey, smoothed_wworried_catch_covid)",,,
343,starting pair,compute_covidcast_meta,info,2022-01-01T04:06:06.222738Z,MetacacheThread-8,"(fb-survey, smoothed_wworried_finances)",,,
344,starting pair,compute_covidcast_meta,info,2022-01-01T04:06:06.942753Z,MetacacheThread-7,"(fb-survey, smoothed_wworried_vaccine_side_effects)",,,
345,starting pair,compute_covidcast_meta,info,2022-01-01T04:06:07.843402Z,MetacacheThread-6,"(ght, raw_search)",,,
346,starting pair,compute_covidcast_meta,info,2022-01-01T04:06:10.490638Z,MetacacheThread-2,"(ght, smoothed_search)",,,
347,starting pair,compute_covidcast_meta,info,2022-01-01T04:06:11.472427Z,MetacacheThread-9,"(google-survey, raw_cli)",,,
348,starting pair,compute_covidcast_meta,info,2022-01-01T04:06:12.117543Z,MetacacheThread-9,"(google-survey, smoothed_cli)",,,
349,starting pair,compute_covidcast_meta,info,2022-01-01T04:06:12.236426Z,MetacacheThread-7,"(google-symptoms, ageusia_raw_search)",,,
350,starting pair,compute_covidcast_meta,info,2022-01-01T04:06:12.471385Z,MetacacheThread-1,"(google-symptoms, ageusia_smoothed_search)",,,
351,starting pair,compute_covidcast_meta,info,2022-01-01T04:06:12.817186Z,MetacacheThread-9,"(google-symptoms, anosmia_raw_search)",,,
352,starting pair,compute_covidcast_meta,info,2022-01-01T04:06:16.271478Z,MetacacheThread-6,"(google-symptoms, anosmia_smoothed_search)",,,
353,starting pair,compute_covidcast_meta,info,2022-01-01T04:06:16.361280Z,MetacacheThread-8,"(google-symptoms, sum_anosmia_ageusia_raw_search)",,,
354,starting pair,compute_covidcast_meta,info,2022-01-01T04:06:17.974713Z,MetacacheThread-2,"(google-symptoms, sum_anosmia_ageusia_smoothed_search)",,,
355,starting pair,compute_covidcast_meta,info,2022-01-01T04:06:24.826679Z,MetacacheThread-1,"(hhs, confirmed_admissions_covid_1d)",,,
356,starting pair,compute_covidcast_meta,info,2022-01-01T04:06:26.578477Z,MetacacheThread-7,"(hhs, confirmed_admissions_covid_1d_7dav)",,,
357,starting pair,compute_covidcast_meta,info,2022-01-01T04:06:28.635454Z,MetacacheThread-7,"(hhs, confirmed_admissions_covid_1d_prop)",,,
358,starting pair,compute_covidcast_meta,info,2022-01-01T04:06:28.653351Z,MetacacheThread-1,"(hhs, confirmed_admissions_covid_1d_prop_7dav)",,,
359,starting pair,compute_covidcast_meta,info,2022-01-01T04:06:28.681021Z,MetacacheThread-9,"(hhs, confirmed_admissions_influenza_1d)",,,
360,starting pair,compute_covidcast_meta,info,2022-01-01T04:06:29.544470Z,MetacacheThread-6,"(hhs, confirmed_admissions_influenza_1d_7dav)",,,
361,starting pair,compute_covidcast_meta,info,2022-01-01T04:06:30.017865Z,MetacacheThread-9,"(hhs, confirmed_admissions_influenza_1d_prop)",,,
362,starting pair,compute_covidcast_meta,info,2022-01-01T04:06:30.179304Z,MetacacheThread-6,"(hhs, confirmed_admissions_influenza_1d_prop_7dav)",,,
363,starting pair,compute_covidcast_meta,info,2022-01-01T04:06:30.700720Z,MetacacheThread-9,"(hhs, sum_confirmed_suspected_admissions_covid_1d)",,,
364,starting pair,compute_covidcast_meta,info,2022-01-01T04:06:30.761994Z,MetacacheThread-6,"(hhs, sum_confirmed_suspected_admissions_covid_1d_7dav)",,,
365,starting pair,compute_covidcast_meta,info,2022-01-01T04:06:30.943275Z,MetacacheThread-7,"(hhs, sum_confirmed_suspected_admissions_covid_1d_prop)",,,
366,starting pair,compute_covidcast_meta,info,2022-01-01T04:06:30.950431Z,MetacacheThread-1,"(hhs, sum_confirmed_suspected_admissions_covid_1d_prop_7dav)",,,
367,starting pair,compute_covidcast_meta,info,2022-01-01T04:06:33.263706Z,MetacacheThread-6,"(hospital-admissions, smoothed_adj_covid19)",,,
368,starting pair,compute_covidcast_meta,info,2022-01-01T04:06:33.281495Z,MetacacheThread-7,"(hospital-admissions, smoothed_adj_covid19_from_claims)",,,
369,starting pair,compute_covidcast_meta,info,2022-01-01T04:06:33.516946Z,MetacacheThread-1,"(hospital-admissions, smoothed_covid19)",,,
370,starting pair,compute_covidcast_meta,info,2022-01-01T04:06:33.937050Z,MetacacheThread-9,"(hospital-admissions, smoothed_covid19_from_claims)",,,
371,starting pair,compute_covidcast_meta,info,2022-01-01T04:06:34.729722Z,MetacacheThread-2,"(indicator-combination, confirmed_7dav_cumulative_num)",,,
372,starting pair,compute_covidcast_meta,info,2022-01-01T04:06:34.954364Z,MetacacheThread-8,"(indicator-combination, confirmed_7dav_cumulative_prop)",,,
373,starting pair,compute_covidcast_meta,info,2022-01-01T04:06:54.230512Z,MetacacheThread-1,"(indicator-combination, confirmed_7dav_incidence_num)",,,
374,starting pair,compute_covidcast_meta,info,2022-01-01T04:06:54.435710Z,MetacacheThread-6,"(indicator-combination, confirmed_7dav_incidence_prop)",,,
375,starting pair,compute_covidcast_meta,info,2022-01-01T04:08:24.554913Z,MetacacheThread-2,"(indicator-combination, confirmed_cumulative_num)",,,
376,starting pair,compute_covidcast_meta,info,2022-01-01T04:08:24.699499Z,MetacacheThread-8,"(indicator-combination, confirmed_cumulative_prop)",,,
377,starting pair,compute_covidcast_meta,info,2022-01-01T04:08:32.571221Z,MetacacheThread-9,"(indicator-combination, confirmed_incidence_num)",,,
378,starting pair,compute_covidcast_meta,info,2022-01-01T04:08:35.079885Z,MetacacheThread-7,"(indicator-combination, confirmed_incidence_prop)",,,
379,starting pair,compute_covidcast_meta,info,2022-01-01T04:08:45.545206Z,MetacacheThread-1,"(indicator-combination, deaths_7dav_cumulative_num)",,,
380,starting pair,compute_covidcast_meta,info,2022-01-01T04:08:47.407427Z,MetacacheThread-6,"(indicator-combination, deaths_7dav_cumulative_prop)",,,
381,starting pair,compute_covidcast_meta,info,2022-01-01T04:09:27.279859Z,MetacacheThread-3,"(indicator-combination, deaths_7dav_incidence_num)",,,
382,starting pair,compute_covidcast_meta,info,2022-01-01T04:10:20.818512Z,MetacacheThread-1,"(indicator-combination, deaths_7dav_incidence_prop)",,,
383,starting pair,compute_covidcast_meta,info,2022-01-01T04:10:21.187744Z,MetacacheThread-8,"(indicator-combination, deaths_cumulative_num)",,,
384,starting pair,compute_covidcast_meta,info,2022-01-01T04:10:21.397465Z,MetacacheThread-6,"(indicator-combination, deaths_cumulative_prop)",,,
385,starting pair,compute_covidcast_meta,info,2022-01-01T04:10:22.717956Z,MetacacheThread-2,"(indicator-combination, deaths_incidence_num)",,,
386,starting pair,compute_covidcast_meta,info,2022-01-01T04:10:22.728290Z,MetacacheThread-9,"(indicator-combination, deaths_incidence_prop)",,,
387,starting pair,compute_covidcast_meta,info,2022-01-01T04:10:28.011788Z,MetacacheThread-7,"(indicator-combination, nmf_day_doc_fbc_fbs_ght)",,,
388,starting pair,compute_covidcast_meta,info,2022-01-01T04:11:01.872179Z,MetacacheThread-0,"(indicator-combination, nmf_day_doc_fbs_ght)",,,
389,starting pair,compute_covidcast_meta,info,2022-01-01T04:11:05.806919Z,MetacacheThread-0,"(jhu-csse, confirmed_7dav_cumulative_num)",,,
390,starting pair,compute_covidcast_meta,info,2022-01-01T04:11:05.827991Z,MetacacheThread-3,"(jhu-csse, confirmed_7dav_cumulative_prop)",,,
391,starting pair,compute_covidcast_meta,info,2022-01-01T04:12:02.111096Z,MetacacheThread-2,"(jhu-csse, confirmed_7dav_incidence_num)",,,
392,starting pair,compute_covidcast_meta,info,2022-01-01T04:12:03.820891Z,MetacacheThread-8,"(jhu-csse, confirmed_7dav_incidence_prop)",,,
393,starting pair,compute_covidcast_meta,info,2022-01-01T04:12:04.850372Z,MetacacheThread-9,"(jhu-csse, confirmed_cumulative_num)",,,
394,starting pair,compute_covidcast_meta,info,2022-01-01T04:12:06.773278Z,MetacacheThread-6,"(jhu-csse, confirmed_cumulative_prop)",,,
395,starting pair,compute_covidcast_meta,info,2022-01-01T04:12:07.697848Z,MetacacheThread-1,"(jhu-csse, confirmed_incidence_num)",,,
396,starting pair,compute_covidcast_meta,info,2022-01-01T04:13:25.299667Z,MetacacheThread-3,"(jhu-csse, confirmed_incidence_prop)",,,
397,starting pair,compute_covidcast_meta,info,2022-01-01T04:13:25.420010Z,MetacacheThread-0,"(jhu-csse, deaths_7dav_cumulative_num)",,,
398,starting pair,compute_covidcast_meta,info,2022-01-01T04:14:07.803791Z,MetacacheThread-7,"(jhu-csse, deaths_7dav_cumulative_prop)",,,
399,starting pair,compute_covidcast_meta,info,2022-01-01T04:14:20.789367Z,MetacacheThread-2,"(jhu-csse, deaths_7dav_incidence_num)",,,
400,starting pair,compute_covidcast_meta,info,2022-01-01T04:14:21.025552Z,MetacacheThread-9,"(jhu-csse, deaths_7dav_incidence_prop)",,,
401,starting pair,compute_covidcast_meta,info,2022-01-01T04:14:21.162316Z,MetacacheThread-1,"(jhu-csse, deaths_cumulative_num)",,,
402,starting pair,compute_covidcast_meta,info,2022-01-01T04:14:36.060717Z,MetacacheThread-6,"(jhu-csse, deaths_cumulative_prop)",,,
403,starting pair,compute_covidcast_meta,info,2022-01-01T04:14:36.317985Z,MetacacheThread-8,"(jhu-csse, deaths_incidence_num)",,,
404,starting pair,compute_covidcast_meta,info,2022-01-01T04:15:45.127675Z,MetacacheThread-0,"(jhu-csse, deaths_incidence_prop)",,,
405,starting pair,compute_covidcast_meta,info,2022-01-01T04:15:52.653756Z,MetacacheThread-3,"(nchs-mortality, deaths_allcause_incidence_num)",,,
406,starting pair,compute_covidcast_meta,info,2022-01-01T04:15:53.154163Z,MetacacheThread-3,"(nchs-mortality, deaths_allcause_incidence_prop)",,,
407,starting pair,compute_covidcast_meta,info,2022-01-01T04:15:53.499935Z,MetacacheThread-3,"(nchs-mortality, deaths_covid_and_pneumonia_notflu_incidence_num)",,,
408,starting pair,compute_covidcast_meta,info,2022-01-01T04:15:53.758264Z,MetacacheThread-3,"(nchs-mortality, deaths_covid_and_pneumonia_notflu_incidence_prop)",,,
409,starting pair,compute_covidcast_meta,info,2022-01-01T04:15:54.068279Z,MetacacheThread-3,"(nchs-mortality, deaths_covid_incidence_num)",,,
410,starting pair,compute_covidcast_meta,info,2022-01-01T04:15:54.279040Z,MetacacheThread-3,"(nchs-mortality, deaths_covid_incidence_prop)",,,
411,starting pair,compute_covidcast_meta,info,2022-01-01T04:15:54.525462Z,MetacacheThread-3,"(nchs-mortality, deaths_flu_incidence_num)",,,
412,starting pair,compute_covidcast_meta,info,2022-01-01T04:15:54.637086Z,MetacacheThread-3,"(nchs-mortality, deaths_flu_incidence_prop)",,,
413,starting pair,compute_covidcast_meta,info,2022-01-01T04:15:54.746284Z,MetacacheThread-3,"(nchs-mortality, deaths_percent_of_expected)",,,
414,starting pair,compute_covidcast_meta,info,2022-01-01T04:15:54.979222Z,MetacacheThread-3,"(nchs-mortality, deaths_pneumonia_notflu_incidence_num)",,,
415,starting pair,compute_covidcast_meta,info,2022-01-01T04:15:55.245042Z,MetacacheThread-3,"(nchs-mortality, deaths_pneumonia_notflu_incidence_prop)",,,
416,starting pair,compute_covidcast_meta,info,2022-01-01T04:15:55.519540Z,MetacacheThread-3,"(nchs-mortality, deaths_pneumonia_or_flu_or_covid_incidence_num)",,,
417,starting pair,compute_covidcast_meta,info,2022-01-01T04:15:55.781457Z,MetacacheThread-3,"(nchs-mortality, deaths_pneumonia_or_flu_or_covid_incidence_prop)",,,
418,starting pair,compute_covidcast_meta,info,2022-01-01T04:15:56.052711Z,MetacacheThread-3,"(quidel, covid_ag_raw_pct_positive)",,,
419,starting pair,compute_covidcast_meta,info,2022-01-01T04:16:17.232759Z,MetacacheThread-3,"(quidel, covid_ag_smoothed_pct_positive)",,,
420,starting pair,compute_covidcast_meta,info,2022-01-01T04:16:25.198328Z,MetacacheThread-7,"(quidel, raw_pct_negative)",,,
421,starting pair,compute_covidcast_meta,info,2022-01-01T04:16:25.907672Z,MetacacheThread-7,"(quidel, raw_tests_per_device)",,,
422,starting pair,compute_covidcast_meta,info,2022-01-01T04:16:26.615454Z,MetacacheThread-7,"(quidel, smoothed_pct_negative)",,,
423,starting pair,compute_covidcast_meta,info,2022-01-01T04:16:27.974146Z,MetacacheThread-7,"(quidel, smoothed_tests_per_device)",,,
424,starting pair,compute_covidcast_meta,info,2022-01-01T04:16:28.917857Z,MetacacheThread-7,"(safegraph, bars_visit_num)",,,
425,starting pair,compute_covidcast_meta,info,2022-01-01T04:16:31.424688Z,MetacacheThread-2,"(safegraph, bars_visit_prop)",,,
426,starting pair,compute_covidcast_meta,info,2022-01-01T04:16:33.767456Z,MetacacheThread-1,"(safegraph, completely_home_prop)",,,
427,starting pair,compute_covidcast_meta,info,2022-01-01T04:16:41.716492Z,MetacacheThread-8,"(safegraph, completely_home_prop_7dav)",,,
428,starting pair,compute_covidcast_meta,info,2022-01-01T04:16:45.374268Z,MetacacheThread-9,"(safegraph, full_time_work_prop)",,,
429,starting pair,compute_covidcast_meta,info,2022-01-01T04:16:49.239532Z,MetacacheThread-7,"(safegraph, full_time_work_prop_7dav)",,,
430,starting pair,compute_covidcast_meta,info,2022-01-01T04:16:49.271334Z,MetacacheThread-2,"(safegraph, median_home_dwell_time)",,,
431,starting pair,compute_covidcast_meta,info,2022-01-01T04:17:00.169242Z,MetacacheThread-6,"(safegraph, median_home_dwell_time_7dav)",,,
432,starting pair,compute_covidcast_meta,info,2022-01-01T04:18:00.275801Z,MetacacheThread-0,"(safegraph, part_time_work_prop)",,,
433,starting pair,compute_covidcast_meta,info,2022-01-01T04:18:40.007070Z,MetacacheThread-3,"(safegraph, part_time_work_prop_7dav)",,,
434,starting pair,compute_covidcast_meta,info,2022-01-01T04:18:56.117488Z,MetacacheThread-8,"(safegraph, restaurants_visit_num)",,,
435,starting pair,compute_covidcast_meta,info,2022-01-01T04:19:13.600711Z,MetacacheThread-7,"(safegraph, restaurants_visit_prop)",,,
436,starting pair,compute_covidcast_meta,info,2022-01-01T04:19:13.835006Z,MetacacheThread-6,"(usa-facts, confirmed_7dav_cumulative_num)",,,
437,starting pair,compute_covidcast_meta,info,2022-01-01T04:19:21.803656Z,MetacacheThread-1,"(usa-facts, confirmed_7dav_cumulative_prop)",,,
438,starting pair,compute_covidcast_meta,info,2022-01-01T04:19:27.364172Z,MetacacheThread-2,"(usa-facts, confirmed_7dav_incidence_num)",,,
439,starting pair,compute_covidcast_meta,info,2022-01-01T04:19:34.118182Z,MetacacheThread-9,"(usa-facts, confirmed_7dav_incidence_prop)",,,
440,starting pair,compute_covidcast_meta,info,2022-01-01T04:20:16.742419Z,MetacacheThread-8,"(usa-facts, confirmed_cumulative_num)",,,
441,starting pair,compute_covidcast_meta,info,2022-01-01T04:20:16.867026Z,MetacacheThread-6,"(usa-facts, confirmed_cumulative_prop)",,,
442,starting pair,compute_covidcast_meta,info,2022-01-01T04:20:17.204902Z,MetacacheThread-7,"(usa-facts, confirmed_incidence_num)",,,
443,starting pair,compute_covidcast_meta,info,2022-01-01T04:20:17.262685Z,MetacacheThread-1,"(usa-facts, confirmed_incidence_prop)",,,
444,starting pair,compute_covidcast_meta,info,2022-01-01T04:20:23.918629Z,MetacacheThread-3,"(usa-facts, deaths_7dav_cumulative_num)",,,
445,starting pair,compute_covidcast_meta,info,2022-01-01T04:20:27.096937Z,MetacacheThread-0,"(usa-facts, deaths_7dav_cumulative_prop)",,,
446,starting pair,compute_covidcast_meta,info,2022-01-01T04:20:32.831485Z,MetacacheThread-2,"(usa-facts, deaths_7dav_incidence_num)",,,
447,starting pair,compute_covidcast_meta,info,2022-01-01T04:20:44.135028Z,MetacacheThread-9,"(usa-facts, deaths_7dav_incidence_prop)",,,
448,starting pair,compute_covidcast_meta,info,2022-01-01T04:21:04.538948Z,MetacacheThread-3,"(usa-facts, deaths_cumulative_num)",,,
449,starting pair,compute_covidcast_meta,info,2022-01-01T04:21:04.650675Z,MetacacheThread-0,"(usa-facts, deaths_cumulative_prop)",,,
450,starting pair,compute_covidcast_meta,info,2022-01-01T04:21:14.380137Z,MetacacheThread-6,"(usa-facts, deaths_incidence_num)",,,
451,starting pair,compute_covidcast_meta,info,2022-01-01T04:21:14.588735Z,MetacacheThread-7,"(usa-facts, deaths_incidence_prop)",,,
452,starting pair,compute_covidcast_meta,info,2022-01-01T04:21:14.611257Z,MetacacheThread-8,"(youtube-survey, raw_cli)",,,
453,starting pair,compute_covidcast_meta,info,2022-01-01T04:21:14.618016Z,MetacacheThread-8,"(youtube-survey, raw_ili)",,,
454,starting pair,compute_covidcast_meta,info,2022-01-01T04:21:14.620763Z,MetacacheThread-8,"(youtube-survey, smoothed_cli)",,,
455,starting pair,compute_covidcast_meta,info,2022-01-01T04:21:14.637726Z,MetacacheThread-8,"(youtube-survey, smoothed_ili)",,,
456,"no jobs left, thread terminating",compute_covidcast_meta,info,2022-01-01T04:21:14.651685Z,MetacacheThread-8,,,,
457,"no jobs left, thread terminating",compute_covidcast_meta,info,2022-01-01T04:21:20.289169Z,MetacacheThread-2,,,,
458,"no jobs left, thread terminating",compute_covidcast_meta,info,2022-01-01T04:21:20.409348Z,MetacacheThread-1,,,,
459,"no jobs left, thread terminating",compute_covidcast_meta,info,2022-01-01T04:21:37.194136Z,MetacacheThread-9,,,,
460,"no jobs left, thread terminating",compute_covidcast_meta,info,2022-01-01T04:21:49.793576Z,MetacacheThread-3,,,,
461,"no jobs left, thread terminating",compute_covidcast_meta,info,2022-01-01T04:21:56.758596Z,MetacacheThread-0,,,,
462,"no jobs left, thread terminating",compute_covidcast_meta,info,2022-01-01T04:21:56.777427Z,MetacacheThread-6,,,,
463,"no jobs left, thread terminating",compute_covidcast_meta,info,2022-01-01T04:21:58.772468Z,MetacacheThread-7,,,,
464,"no jobs left, thread terminating",compute_covidcast_meta,info,2022-01-01T08:09:33.047832Z,MetacacheThread-5,,,,
465,"no jobs left, thread terminating",compute_covidcast_meta,info,2022-01-01T08:09:33.084986Z,MetacacheThread-4,,,,
466,jobs complete,compute_covidcast_meta,info,2022-01-01T08:09:33.085241Z,,,,,
467,all threads terminated,compute_covidcast_meta,info,2022-01-01T08:09:33.085760Z,,,,,
468,covidcast_meta result: success (code 1),metadata_cache_updater,info,2022-01-01T08:09:33.122223Z,,,,,
469,successfully cached epidata,metadata_cache_updater,info,2022-01-01T08:09:33.209552Z,,,,,
470,Generated and updated covidcast metadata,metadata_cache_updater,info,2022-01-01T08:09:33.212526Z,,,14955.04,0.09,14955.13
